URL,Date
https://www.animehindiindia.in/2023/10/jujutsu-kaisen-season-2-hindi-dubbed.html,
https://www.animehindiindia.in/2023/11/download-rent-girlfriend-season-3.html,
https://www.animehindiindia.in/2023/11/rent-girlfriend-season-2-english-dubbed.html,
https://www.animehindiindia.in/2023/11/rent-girlfriend-season-1-english-dubbed.html,
https://www.animehindiindia.in/2023/09/rent-girlfriend-season-3-official-hindi.html,
https://www.animehindiindia.in/2023/09/rent-girlfriend-season-2-hindi-dubbed.html,
https://www.animehindiindia.in/2023/09/rent-girlfriend-season-1-hindi-dubbed.html,
https://www.animehindiindia.in/2023/11/download-tokyo-revengers-season-3.html,
https://www.animehindiindia.in/2023/11/download-tokyo-revengers-season-2.html,
https://www.animehindiindia.in/2023/10/download-tokyo-revengers-season-1.html,
https://www.animehindiindia.in/2023/09/tokyo-revengers-season-2-hindi-dubbed.html,
https://www.animehindiindia.in/2023/09/tokyo-revengers-season-1-hindi-dubbed.html,
https://www.animehindiindia.in/2023/10/demon-slayer-season-3-download-in-hindi.html,
https://www.animehindiindia.in/2023/10/hd-480p-720p-1080p-demon-slayer-season.html,
https://www.animehindiindia.in/2023/10/attack-on-titan-season-1-in-hindi.html,
https://www.animehindiindia.in/2023/10/attack-on-titan-season-3-in-hindi.html,
https://www.animehindiindia.in/2023/10/big-hero-6-2014-in-hindi-download-hd.html,
https://www.animehindiindia.in/2023/10/girlfriend-girlfriend-hindi-dubbed.html,
https://www.animehindiindia.in/2023/10/im-in-love-with-villainess-hindi-dubbed.html,
https://www.animehindiindia.in/2023/10/attack-on-titan-season-2-in-hindi.html,
https://www.animehindiindia.in/2023/09/download-demon-slayer-season-1-in-hindi.html,
https://www.animehindiindia.in/2023/10/death-note-hindi-dubbed-all-episodes.html,
https://www.animehindiindia.in/2023/09/download-chainsaw-man-season-1-in-hindi.html,
https://www.animehindiindia.in/2023/10/danmachi-season-1-hindi-dubbed.html,
https://www.animehindiindia.in/2023/10/castlevania-nocturne-season-1-hindi.html,
https://www.animehindiindia.in/2023/10/vipers-creed-season-1-official-hindi.html,
https://www.animehindiindia.in/2023/10/zom-100-bucket-list-of-dead-hindi.html,
https://www.animehindiindia.in/2023/09/the-great-cleric-season-1-hindi-dubbed.html,
https://www.animehindiindia.in/2023/10/worlds-end-harem-season-1-hindi-dubbed.html,
https://www.animehindiindia.in/2023/10/kiss-x-sis-season-1-hindi-fan-dubbed.html,
https://www.animehindiindia.in/2023/10/hunter-hunter-season11-26-hunter-exam.html,
https://www.animehindiindia.in/2023/10/rezero-hindi-dubbed-official-season-1.html,
https://www.animehindiindia.in/2023/10/hunter-hunter-season-1-official-hindi.html,
https://www.animehindiindia.in/2023/09/the-detective-is-already-dead-season-1.html,
https://www.animehindiindia.in/2023/10/trapped-in-dating-sim-season-1-english.html,
https://www.animehindiindia.in/2023/10/trapped-in-dating-sim-season-1-official.html,
https://www.animehindiindia.in/2023/10/rent-girlfriend-season-2-english-dubbed.html,
https://www.animehindiindia.in/2023/10/one-piece-season-1-hindi-dubbed-hd-480p.html,
https://www.animehindiindia.in/2023/10/a-couple-of-cuckoos-hindi-dubbed-season.html,
https://www.animehindiindia.in/2023/10/shikimoris-not-just-cutie-season-1.html,
https://www.animehindiindia.in/2023/09/9-2009-hindi-official-dubbed-download.html,
https://www.animehindiindia.in/2023/09/suzume-2022-hindi-official-dubbed.html,
https://www.animehindiindia.in/2023/09/masamune-kuns-revenge-season-1-hindi.html,
https://www.animehindiindia.in/2023/09/high-school-dxd-season-1-hindi-dubbed.html,
https://www.animehindiindia.in/2023/09/kaguya-sama-love-is-war-season-1-hindi.html,
https://www.animehindiindia.in/2023/09/my-dress-up-darling-season-1-hindi.html,
https://www.animehindiindia.in/2023/09/domestic-girlfriend-hindi-dubbed.html,
https://www.animehindiindia.in/2023/09/redo-of-healer-season-1-hindi-dubbed.html,
https://www.animehindiindia.in/2023/09/why-raeliana-ended-up-at-dukes-mansion.html,
https://www.animehindiindia.in/2023/09/480p-720p-1080p-hindi-dubbed-full-hd.html,
https://www.animehindiindia.in/2023/09/harem-in-labyrinth-of-another-world.html,
https://www.animehindiindia.in/2023/09/the-ancient-magus-bride-season-2-hindi.html,
https://www.animehindiindia.in/2023/09/the-ancient-magus-bride-season-1-hindi.html,
https://www.animehindiindia.in/2023/09/download-hd-480p-720p-1080p-my-unique.html,
https://www.animehindiindia.in/2023/09/download-hd-480p-720p-and-1080p-daily.html,
https://www.animehindiindia.in/2023/09/chhota-bheem-adventure-of-persia-2023.html,
https://www.animehindiindia.in/2023/09/jujutsu-kaisen-0-movie-hindi-english.html,
https://www.animehindiindia.in/2023/09/mashle-magic-and-muscles-season-1-hindi.html,
https://www.animehindiindia.in/2023/09/naruto-season-1-hindi-dubbed-sony-yay.html,
https://www.animehindiindia.in/2023/09/ranking-of-kings-season-1-hindi-dubbed.html,
https://www.animehindiindia.in/2023/09/masamune-kuns-revenge-season-2-hindi.html,
https://www.animehindiindia.in/2023/09/horimiya-missing-pieces-season-2-hindi.html,
https://www.animehindiindia.in/2023/09/turbo-2013-hindi-org-dual-audio-movie.html,
https://www.animehindiindia.in/2023/09/teenage-mutant-ninja-turtles-mutant.html,
https://www.animehindiindia.in/2023/09/jujutsu-kaisen-season-1-hindi-official.html,
https://www.animehindiindia.in/2023/09/reborn-as-vending-machine-i-now-wander.html,
https://www.animehindiindia.in/2023/09/prison-school-season-1-hindi-fan-dubbed.html,
https://www.animehindiindia.in/2023/09/horimiya-season-1-hindi-fan-dubbed.html,
https://www.animehindiindia.in/2023/09/hd-480p-720p-1080p-girl-downstairs.html,
https://www.animehindiindia.in/2023/09/komi-cant-communicate-season-1-hindi.html,
https://www.animehindiindia.in/2023/09/my-happy-marriage-season-1-hindi.html,
https://www.animehindiindia.in/2023/09/BootsLastWish.html,
https://www.animehindiindia.in/2023/09/DragonBallSuperSuperHero2022.html,
https://www.animehindiindia.in/2023/09/jujutsu-kaisen-season-1-hindi-dubbed.html,
